<?xml version='1.0' encoding='UTF-8'?>
<faces-config version="2.2"
              xmlns="http://xmlns.jcp.org/xml/ns/javaee"
              xmlns:xsi="http://www.w3.org/2001/XMLSchema-instance"
              xsi:schemaLocation="http://xmlns.jcp.org/xml/ns/javaee http://xmlns.jcp.org/xml/ns/javaee/web-facesconfig_2_2.xsd">

    <managed-bean>
        <managed-bean-name>RegistrationBean</managed-bean-name>
        <managed-bean-class>gubenia.registration.RegistrationBean</managed-bean-class>
        <managed-bean-scope>request</managed-bean-scope>      
    </managed-bean>
    
    <navigation-rule>
        <display-name>Student Registration</display-name>
        <from-view-id>/StudentRegistration.xhtml</from-view-id>
        <navigation-case>
            <from-outcome>success</from-outcome>
            <to-view-id>/Confirmation.jsp</to-view-id>
        </navigation-case>
    </navigation-rule>
    <navigation-rule>
        <display-name>Student Registration</display-name>
        <from-view-id>/StudentRegistration.xhtml</from-view-id>
        <navigation-case>
            <from-outcome>failure</from-outcome>
            <to-view-id>/StudentRegistration.xhtml</to-view-id>
        </navigation-case>
    </navigation-rule>
</faces-config>
